"","V1"
"output1.txt",7
"output10.txt",5
"output100.txt",9
"output1000.txt",2
"output1001.txt",6
"output1002.txt",6
"output1003.txt",2
"output1004.txt",7
"output1005.txt",3
"output1006.txt",6
"output1007.txt",8
"output1008.txt",2
"output1009.txt",4
"output101.txt",9
"output1010.txt",7
"output1011.txt",5
"output1012.txt",5
"output1013.txt",4
"output1014.txt",3
"output1015.txt",2
"output1016.txt",7
"output1017.txt",2
"output1018.txt",7
"output1019.txt",7
"output102.txt",6
"output1020.txt",2
"output1021.txt",1
"output1022.txt",9
"output1023.txt",7
"output1024.txt",4
"output1025.txt",3
"output1026.txt",4
"output1027.txt",5
"output1028.txt",1
"output1029.txt",7
"output103.txt",4
"output1030.txt",2
"output1031.txt",2
"output1032.txt",7
"output1033.txt",2
"output1034.txt",7
"output1035.txt",2
"output1036.txt",3
"output1037.txt",6
"output1038.txt",1
"output1039.txt",8
"output104.txt",7
"output1040.txt",7
"output1041.txt",3
"output1042.txt",6
"output1043.txt",2
"output1044.txt",8
"output1045.txt",4
"output1046.txt",7
"output1047.txt",4
"output1048.txt",2
"output1049.txt",3
"output105.txt",6
"output1050.txt",4
"output1051.txt",7
"output1052.txt",5
"output1053.txt",1
"output1054.txt",5
"output1055.txt",5
"output1056.txt",8
"output1057.txt",2
"output1058.txt",9
"output1059.txt",8
"output106.txt",4
"output1060.txt",2
"output1061.txt",7
"output1062.txt",8
"output1063.txt",3
"output1064.txt",9
"output1065.txt",5
"output1066.txt",7
"output1067.txt",2
"output1068.txt",1
"output1069.txt",7
"output107.txt",7
"output1070.txt",3
"output1071.txt",6
"output1072.txt",9
"output1073.txt",9
"output1074.txt",5
"output1075.txt",6
"output1076.txt",8
"output1077.txt",3
"output1078.txt",7
"output1079.txt",5
"output108.txt",8
"output1080.txt",8
"output1081.txt",6
"output1082.txt",2
"output1083.txt",7
"output1084.txt",4
"output1085.txt",7
"output1086.txt",5
"output1087.txt",2
"output1088.txt",1
"output1089.txt",7
"output109.txt",5
"output1090.txt",6
"output1091.txt",9
"output1092.txt",2
"output1093.txt",5
"output1094.txt",3
"output1095.txt",2
"output1096.txt",1
"output1097.txt",9
"output1098.txt",1
"output1099.txt",2
"output11.txt",6
"output110.txt",4
"output1100.txt",2
"output1101.txt",6
"output1102.txt",6
"output1103.txt",5
"output1104.txt",2
"output1105.txt",2
"output1106.txt",2
"output1107.txt",9
"output1108.txt",2
"output1109.txt",5
"output111.txt",6
"output1110.txt",5
"output1111.txt",2
"output1112.txt",6
"output1113.txt",9
"output1114.txt",5
"output1115.txt",1
"output1116.txt",2
"output1117.txt",3
"output1118.txt",2
"output1119.txt",2
"output112.txt",3
"output1120.txt",7
"output1121.txt",1
"output1122.txt",8
"output1123.txt",3
"output1124.txt",9
"output1125.txt",6
"output1126.txt",7
"output1127.txt",9
"output1128.txt",2
"output1129.txt",2
"output113.txt",1
"output1130.txt",3
"output1131.txt",5
"output1132.txt",6
"output1133.txt",5
"output1134.txt",1
"output1135.txt",5
"output1136.txt",1
"output1137.txt",4
"output1138.txt",7
"output1139.txt",2
"output114.txt",3
"output1140.txt",6
"output1141.txt",4
"output1142.txt",1
"output1143.txt",3
"output1144.txt",6
"output1145.txt",9
"output1146.txt",2
"output1147.txt",6
"output1148.txt",3
"output1149.txt",7
"output115.txt",1
"output1150.txt",2
"output1151.txt",6
"output1152.txt",6
"output1153.txt",2
"output1154.txt",7
"output1155.txt",7
"output1156.txt",8
"output1157.txt",4
"output1158.txt",4
"output1159.txt",2
"output116.txt",8
"output1160.txt",5
"output1161.txt",5
"output1162.txt",1
"output1163.txt",1
"output1164.txt",7
"output1165.txt",3
"output1166.txt",6
"output1167.txt",5
"output1168.txt",3
"output1169.txt",7
"output117.txt",8
"output1170.txt",4
"output1171.txt",2
"output1172.txt",6
"output1173.txt",9
"output1174.txt",1
"output1175.txt",2
"output1176.txt",3
"output1177.txt",4
"output1178.txt",7
"output1179.txt",9
"output118.txt",4
"output1180.txt",4
"output1181.txt",7
"output1182.txt",9
"output1183.txt",1
"output1184.txt",6
"output1185.txt",4
"output1186.txt",9
"output1187.txt",5
"output1188.txt",7
"output1189.txt",3
"output119.txt",6
"output1190.txt",1
"output1191.txt",1
"output1192.txt",5
"output1193.txt",6
"output1194.txt",3
"output1195.txt",5
"output1196.txt",3
"output1197.txt",7
"output1198.txt",2
"output1199.txt",9
"output12.txt",9
"output120.txt",2
"output1200.txt",5
"output1201.txt",9
"output1202.txt",6
"output1203.txt",5
"output1204.txt",5
"output1205.txt",6
"output1206.txt",9
"output1207.txt",6
"output1208.txt",6
"output1209.txt",8
"output121.txt",8
"output1210.txt",9
"output1211.txt",9
"output1212.txt",3
"output1213.txt",7
"output1214.txt",1
"output1215.txt",3
"output1216.txt",6
"output1217.txt",1
"output1218.txt",8
"output1219.txt",9
"output122.txt",3
"output1220.txt",2
"output1221.txt",9
"output1222.txt",3
"output1223.txt",3
"output1224.txt",7
"output1225.txt",1
"output1226.txt",6
"output1227.txt",6
"output1228.txt",1
"output1229.txt",7
"output123.txt",7
"output1230.txt",6
"output1231.txt",7
"output1232.txt",6
"output1233.txt",4
"output1234.txt",8
"output1235.txt",9
"output1236.txt",3
"output1237.txt",4
"output1238.txt",7
"output1239.txt",4
"output124.txt",6
"output1240.txt",5
"output1241.txt",2
"output1242.txt",6
"output1243.txt",8
"output1244.txt",9
"output1245.txt",9
"output1246.txt",9
"output1247.txt",9
"output1248.txt",6
"output1249.txt",5
"output125.txt",4
"output1250.txt",7
"output1251.txt",2
"output1252.txt",6
"output1253.txt",3
"output1254.txt",3
"output1255.txt",7
"output1256.txt",5
"output1257.txt",2
"output1258.txt",4
"output1259.txt",6
"output126.txt",6
"output1260.txt",6
"output1261.txt",2
"output1262.txt",4
"output1263.txt",8
"output1264.txt",9
"output1265.txt",4
"output1266.txt",8
"output1267.txt",4
"output1268.txt",3
"output1269.txt",5
"output127.txt",8
"output1270.txt",6
"output1271.txt",5
"output1272.txt",4
"output1273.txt",4
"output1274.txt",2
"output1275.txt",9
"output1276.txt",6
"output1277.txt",6
"output1278.txt",2
"output1279.txt",7
"output128.txt",9
"output1280.txt",4
"output1281.txt",5
"output1282.txt",9
"output1283.txt",8
"output1284.txt",1
"output1285.txt",1
"output1286.txt",5
"output1287.txt",2
"output1288.txt",6
"output1289.txt",7
"output129.txt",8
"output1290.txt",3
"output1291.txt",3
"output1292.txt",4
"output1293.txt",6
"output1294.txt",3
"output1295.txt",9
"output1296.txt",6
"output1297.txt",2
"output1298.txt",7
"output1299.txt",5
"output13.txt",7
"output130.txt",9
"output1300.txt",8
"output1301.txt",1
"output1302.txt",3
"output1303.txt",3
"output1304.txt",9
"output1305.txt",5
"output1306.txt",7
"output1307.txt",8
"output1308.txt",3
"output1309.txt",8
"output131.txt",4
"output1310.txt",3
"output1311.txt",6
"output1312.txt",6
"output1313.txt",2
"output1314.txt",1
"output1315.txt",6
"output1316.txt",7
"output1317.txt",4
"output1318.txt",6
"output1319.txt",4
"output132.txt",1
"output1320.txt",5
"output1321.txt",5
"output1322.txt",9
"output1323.txt",6
"output1324.txt",6
"output1325.txt",6
"output1326.txt",2
"output1327.txt",2
"output1328.txt",2
"output1329.txt",8
"output133.txt",1
"output1330.txt",7
"output1331.txt",7
"output1332.txt",1
"output1333.txt",7
"output1334.txt",7
"output1335.txt",6
"output1336.txt",9
"output1337.txt",4
"output1338.txt",8
"output1339.txt",6
"output134.txt",8
"output1340.txt",8
"output1341.txt",8
"output1342.txt",9
"output1343.txt",2
"output1344.txt",2
"output1345.txt",2
"output1346.txt",5
"output1347.txt",9
"output1348.txt",7
"output1349.txt",6
"output135.txt",4
"output1350.txt",7
"output1351.txt",2
"output1352.txt",7
"output1353.txt",3
"output1354.txt",2
"output1355.txt",9
"output1356.txt",2
"output1357.txt",1
"output1358.txt",1
"output1359.txt",3
"output136.txt",5
"output1360.txt",2
"output1361.txt",9
"output1362.txt",3
"output1363.txt",7
"output1364.txt",8
"output1365.txt",9
"output1366.txt",9
"output1367.txt",3
"output1368.txt",6
"output1369.txt",3
"output137.txt",1
"output1370.txt",4
"output1371.txt",6
"output1372.txt",7
"output1373.txt",5
"output1374.txt",2
"output1375.txt",2
"output1376.txt",9
"output1377.txt",7
"output1378.txt",2
"output1379.txt",5
"output138.txt",1
"output1380.txt",4
"output1381.txt",4
"output1382.txt",6
"output1383.txt",6
"output1384.txt",5
"output1385.txt",7
"output1386.txt",4
"output1387.txt",7
"output1388.txt",2
"output1389.txt",7
"output139.txt",5
"output1390.txt",7
"output1391.txt",9
"output1392.txt",6
"output1393.txt",6
"output1394.txt",5
"output1395.txt",7
"output1396.txt",6
"output1397.txt",6
"output1398.txt",9
"output1399.txt",5
"output14.txt",1
"output140.txt",1
"output1400.txt",9
"output1401.txt",5
"output1402.txt",7
"output1403.txt",5
"output1404.txt",9
"output1405.txt",4
"output1406.txt",4
"output1407.txt",9
"output1408.txt",3
"output1409.txt",6
"output141.txt",2
"output1410.txt",8
"output1411.txt",7
"output1412.txt",7
"output1413.txt",7
"output1414.txt",5
"output1415.txt",3
"output1416.txt",9
"output1417.txt",6
"output1418.txt",5
"output1419.txt",9
"output142.txt",7
"output1420.txt",8
"output1421.txt",9
"output1422.txt",5
"output1423.txt",7
"output1424.txt",3
"output1425.txt",2
"output1426.txt",7
"output1427.txt",9
"output1428.txt",3
"output1429.txt",9
"output143.txt",5
"output1430.txt",7
"output1431.txt",6
"output1432.txt",3
"output1433.txt",9
"output1434.txt",4
"output1435.txt",5
"output1436.txt",5
"output1437.txt",6
"output1438.txt",3
"output1439.txt",9
"output144.txt",5
"output1440.txt",1
"output1441.txt",1
"output1442.txt",7
"output1443.txt",2
"output1444.txt",2
"output1445.txt",2
"output1446.txt",2
"output1447.txt",9
"output1448.txt",2
"output1449.txt",6
"output145.txt",8
"output1450.txt",7
"output1451.txt",6
"output1452.txt",2
"output1453.txt",3
"output1454.txt",7
"output1455.txt",8
"output1456.txt",6
"output1457.txt",9
"output1458.txt",3
"output1459.txt",6
"output146.txt",1
"output1460.txt",3
"output1461.txt",8
"output1462.txt",8
"output1463.txt",5
"output1464.txt",1
"output1465.txt",9
"output1466.txt",6
"output1467.txt",7
"output1468.txt",9
"output1469.txt",8
"output147.txt",4
"output1470.txt",9
"output1471.txt",6
"output1472.txt",4
"output1473.txt",6
"output1474.txt",9
"output1475.txt",6
"output1476.txt",5
"output1477.txt",5
"output1478.txt",9
"output1479.txt",2
"output148.txt",8
"output1480.txt",9
"output1481.txt",4
"output1482.txt",1
"output1483.txt",6
"output1484.txt",8
"output1485.txt",2
"output1486.txt",9
"output1487.txt",4
"output1488.txt",9
"output1489.txt",9
"output149.txt",1
"output1490.txt",6
"output1491.txt",6
"output1492.txt",9
"output1493.txt",9
"output1494.txt",4
"output1495.txt",3
"output1496.txt",2
"output1497.txt",8
"output1498.txt",2
"output1499.txt",5
"output15.txt",1
"output150.txt",9
"output1500.txt",9
"output1501.txt",5
"output1502.txt",6
"output1503.txt",2
"output1504.txt",4
"output1505.txt",8
"output1506.txt",7
"output1507.txt",7
"output1508.txt",2
"output1509.txt",3
"output151.txt",6
"output1510.txt",3
"output1511.txt",7
"output1512.txt",5
"output1513.txt",7
"output1514.txt",9
"output1515.txt",9
"output1516.txt",5
"output1517.txt",9
"output1518.txt",8
"output1519.txt",9
"output152.txt",8
"output1520.txt",7
"output1521.txt",2
"output1522.txt",7
"output1523.txt",3
"output1524.txt",1
"output1525.txt",7
"output1526.txt",9
"output1527.txt",3
"output1528.txt",6
"output1529.txt",2
"output153.txt",5
"output1530.txt",3
"output1531.txt",2
"output1532.txt",7
"output1533.txt",4
"output1534.txt",9
"output1535.txt",1
"output1536.txt",1
"output1537.txt",8
"output1538.txt",1
"output1539.txt",7
"output154.txt",4
"output1540.txt",8
"output1541.txt",9
"output1542.txt",6
"output1543.txt",4
"output1544.txt",1
"output1545.txt",2
"output1546.txt",2
"output1547.txt",7
"output1548.txt",5
"output1549.txt",5
"output155.txt",3
"output1550.txt",7
"output1551.txt",7
"output1552.txt",9
"output1553.txt",6
"output1554.txt",6
"output1555.txt",9
"output1556.txt",5
"output1557.txt",8
"output1558.txt",5
"output1559.txt",6
"output156.txt",4
"output1560.txt",4
"output1561.txt",7
"output1562.txt",9
"output1563.txt",5
"output1564.txt",3
"output1565.txt",9
"output1566.txt",6
"output1567.txt",6
"output1568.txt",7
"output1569.txt",7
"output157.txt",2
"output1570.txt",9
"output1571.txt",2
"output1572.txt",5
"output1573.txt",5
"output1574.txt",5
"output1575.txt",9
"output1576.txt",6
"output1577.txt",5
"output1578.txt",4
"output1579.txt",7
"output158.txt",4
"output1580.txt",3
"output1581.txt",2
"output1582.txt",3
"output1583.txt",9
"output1584.txt",9
"output1585.txt",7
"output1586.txt",3
"output1587.txt",2
"output1588.txt",6
"output1589.txt",9
"output159.txt",1
"output1590.txt",5
"output1591.txt",4
"output1592.txt",6
"output1593.txt",5
"output1594.txt",4
"output1595.txt",1
"output1596.txt",7
"output1597.txt",3
"output1598.txt",8
"output1599.txt",3
"output16.txt",6
"output160.txt",7
"output1600.txt",2
"output1601.txt",8
"output1602.txt",2
"output1603.txt",3
"output1604.txt",2
"output1605.txt",1
"output1606.txt",6
"output1607.txt",6
"output1608.txt",9
"output1609.txt",8
"output161.txt",1
"output1610.txt",1
"output1611.txt",9
"output1612.txt",6
"output1613.txt",3
"output1614.txt",7
"output1615.txt",5
"output1616.txt",9
"output1617.txt",1
"output1618.txt",2
"output1619.txt",6
"output162.txt",8
"output1620.txt",6
"output1621.txt",1
"output1622.txt",6
"output1623.txt",7
"output1624.txt",7
"output1625.txt",6
"output1626.txt",5
"output1627.txt",1
"output1628.txt",5
"output1629.txt",7
"output163.txt",7
"output1630.txt",6
"output1631.txt",3
"output1632.txt",7
"output1633.txt",2
"output1634.txt",3
"output1635.txt",7
"output1636.txt",5
"output1637.txt",9
"output1638.txt",3
"output1639.txt",9
"output164.txt",7
"output1640.txt",5
"output1641.txt",2
"output1642.txt",9
"output1643.txt",5
"output1644.txt",4
"output1645.txt",6
"output1646.txt",5
"output1647.txt",4
"output1648.txt",9
"output1649.txt",6
"output165.txt",5
"output1650.txt",6
"output1651.txt",5
"output1652.txt",5
"output1653.txt",9
"output1654.txt",3
"output1655.txt",5
"output1656.txt",6
"output1657.txt",4
"output1658.txt",2
"output1659.txt",5
"output166.txt",6
"output1660.txt",8
"output1661.txt",6
"output1662.txt",7
"output1663.txt",4
"output1664.txt",1
"output1665.txt",5
"output1666.txt",7
"output1667.txt",6
"output1668.txt",2
"output1669.txt",7
"output167.txt",8
"output1670.txt",9
"output1671.txt",9
"output1672.txt",7
"output1673.txt",5
"output1674.txt",2
"output1675.txt",6
"output1676.txt",8
"output1677.txt",2
"output1678.txt",5
"output1679.txt",5
"output168.txt",1
"output1680.txt",2
"output1681.txt",7
"output1682.txt",5
"output1683.txt",4
"output1684.txt",5
"output1685.txt",7
"output1686.txt",8
"output1687.txt",5
"output1688.txt",2
"output1689.txt",1
"output169.txt",2
"output1690.txt",9
"output1691.txt",8
"output1692.txt",2
"output1693.txt",6
"output1694.txt",2
"output1695.txt",5
"output1696.txt",2
"output1697.txt",4
"output1698.txt",9
"output1699.txt",8
"output17.txt",6
"output170.txt",1
"output1700.txt",3
"output1701.txt",5
"output1702.txt",2
"output1703.txt",6
"output1704.txt",9
"output1705.txt",8
"output1706.txt",2
"output1707.txt",8
"output1708.txt",2
"output1709.txt",5
"output171.txt",8
"output1710.txt",9
"output1711.txt",2
"output1712.txt",7
"output1713.txt",7
"output1714.txt",9
"output1715.txt",2
"output1716.txt",3
"output1717.txt",4
"output1718.txt",7
"output1719.txt",4
"output172.txt",2
"output1720.txt",4
"output1721.txt",2
"output1722.txt",3
"output1723.txt",6
"output1724.txt",1
"output1725.txt",5
"output1726.txt",8
"output1727.txt",7
"output1728.txt",6
"output1729.txt",1
"output173.txt",1
"output1730.txt",1
"output1731.txt",5
"output1732.txt",9
"output1733.txt",5
"output1734.txt",4
"output1735.txt",5
"output1736.txt",6
"output1737.txt",3
"output1738.txt",6
"output1739.txt",8
"output174.txt",8
"output1740.txt",2
"output1741.txt",7
"output1742.txt",2
"output1743.txt",2
"output1744.txt",2
"output1745.txt",6
"output1746.txt",9
"output1747.txt",6
"output1748.txt",7
"output1749.txt",6
"output175.txt",5
"output1750.txt",5
"output1751.txt",5
"output1752.txt",5
"output1753.txt",5
"output1754.txt",4
"output1755.txt",1
"output1756.txt",4
"output1757.txt",9
"output1758.txt",2
"output1759.txt",9
"output176.txt",1
"output1760.txt",8
"output1761.txt",4
"output1762.txt",6
"output1763.txt",5
"output1764.txt",8
"output1765.txt",5
"output1766.txt",3
"output1767.txt",1
"output1768.txt",7
"output1769.txt",5
"output177.txt",6
"output1770.txt",6
"output1771.txt",5
"output1772.txt",4
"output1773.txt",2
"output1774.txt",3
"output1775.txt",5
"output1776.txt",6
"output1777.txt",3
"output1778.txt",8
"output1779.txt",9
"output178.txt",8
"output1780.txt",6
"output1781.txt",1
"output1782.txt",9
"output1783.txt",9
"output1784.txt",2
"output1785.txt",2
"output1786.txt",8
"output1787.txt",5
"output1788.txt",6
"output1789.txt",5
"output179.txt",2
"output1790.txt",1
"output1791.txt",4
"output1792.txt",6
"output1793.txt",4
"output1794.txt",6
"output1795.txt",1
"output1796.txt",1
"output1797.txt",1
"output1798.txt",2
"output1799.txt",6
"output18.txt",2
"output180.txt",1
"output1800.txt",6
"output1801.txt",4
"output1802.txt",7
"output1803.txt",7
"output1804.txt",6
"output1805.txt",4
"output1806.txt",7
"output1807.txt",4
"output1808.txt",4
"output1809.txt",6
"output181.txt",8
"output1810.txt",5
"output1811.txt",4
"output1812.txt",9
"output1813.txt",5
"output1814.txt",6
"output1815.txt",4
"output1816.txt",8
"output1817.txt",1
"output1818.txt",7
"output1819.txt",8
"output182.txt",8
"output1820.txt",7
"output1821.txt",1
"output1822.txt",8
"output1823.txt",2
"output1824.txt",4
"output1825.txt",8
"output1826.txt",1
"output1827.txt",9
"output1828.txt",4
"output1829.txt",9
"output183.txt",8
"output1830.txt",9
"output1831.txt",8
"output1832.txt",5
"output1833.txt",7
"output1834.txt",4
"output1835.txt",2
"output1836.txt",7
"output1837.txt",4
"output1838.txt",7
"output1839.txt",2
"output184.txt",9
"output1840.txt",7
"output1841.txt",6
"output1842.txt",3
"output1843.txt",5
"output1844.txt",4
"output1845.txt",7
"output1846.txt",5
"output1847.txt",1
"output1848.txt",2
"output1849.txt",9
"output185.txt",5
"output1850.txt",9
"output1851.txt",7
"output1852.txt",2
"output1853.txt",4
"output1854.txt",4
"output1855.txt",8
"output1856.txt",1
"output1857.txt",5
"output1858.txt",5
"output1859.txt",2
"output186.txt",8
"output1860.txt",9
"output1861.txt",2
"output1862.txt",9
"output1863.txt",5
"output1864.txt",4
"output1865.txt",5
"output1866.txt",5
"output1867.txt",7
"output1868.txt",5
"output1869.txt",6
"output187.txt",1
"output1870.txt",4
"output1871.txt",5
"output1872.txt",7
"output1873.txt",2
"output1874.txt",9
"output1875.txt",8
"output1876.txt",8
"output1877.txt",1
"output1878.txt",1
"output1879.txt",5
"output188.txt",8
"output1880.txt",7
"output1881.txt",6
"output1882.txt",9
"output1883.txt",1
"output189.txt",4
"output19.txt",7
"output190.txt",1
"output191.txt",3
"output192.txt",7
"output193.txt",6
"output194.txt",1
"output195.txt",8
"output196.txt",9
"output197.txt",4
"output198.txt",1
"output199.txt",2
"output2.txt",9
"output20.txt",4
"output200.txt",9
"output201.txt",3
"output202.txt",7
"output203.txt",1
"output204.txt",6
"output205.txt",8
"output206.txt",2
"output207.txt",1
"output208.txt",5
"output209.txt",1
"output21.txt",4
"output210.txt",1
"output211.txt",1
"output212.txt",1
"output213.txt",3
"output214.txt",8
"output215.txt",8
"output216.txt",1
"output217.txt",7
"output218.txt",7
"output219.txt",7
"output22.txt",1
"output220.txt",4
"output221.txt",8
"output222.txt",8
"output223.txt",8
"output224.txt",8
"output225.txt",5
"output226.txt",5
"output227.txt",8
"output228.txt",1
"output229.txt",6
"output23.txt",8
"output230.txt",7
"output231.txt",1
"output232.txt",1
"output233.txt",2
"output234.txt",1
"output235.txt",1
"output236.txt",7
"output237.txt",7
"output238.txt",1
"output239.txt",1
"output24.txt",3
"output240.txt",7
"output241.txt",1
"output242.txt",9
"output243.txt",1
"output244.txt",8
"output245.txt",7
"output246.txt",5
"output247.txt",5
"output248.txt",1
"output249.txt",1
"output25.txt",4
"output250.txt",7
"output251.txt",7
"output252.txt",7
"output253.txt",1
"output254.txt",7
"output255.txt",1
"output256.txt",8
"output257.txt",1
"output258.txt",3
"output259.txt",2
"output26.txt",4
"output260.txt",1
"output261.txt",1
"output262.txt",1
"output263.txt",1
"output264.txt",1
"output265.txt",7
"output266.txt",1
"output267.txt",1
"output268.txt",1
"output269.txt",8
"output27.txt",8
"output270.txt",8
"output271.txt",6
"output272.txt",1
"output273.txt",1
"output274.txt",8
"output275.txt",8
"output276.txt",2
"output277.txt",8
"output278.txt",6
"output279.txt",6
"output28.txt",8
"output280.txt",4
"output281.txt",8
"output282.txt",3
"output283.txt",7
"output284.txt",2
"output285.txt",8
"output286.txt",1
"output287.txt",1
"output288.txt",3
"output289.txt",3
"output29.txt",8
"output290.txt",1
"output291.txt",2
"output292.txt",1
"output293.txt",7
"output294.txt",1
"output295.txt",2
"output296.txt",1
"output297.txt",7
"output298.txt",1
"output299.txt",8
"output3.txt",5
"output30.txt",6
"output300.txt",1
"output301.txt",7
"output302.txt",4
"output303.txt",5
"output304.txt",7
"output305.txt",1
"output306.txt",1
"output307.txt",9
"output308.txt",2
"output309.txt",8
"output31.txt",5
"output310.txt",3
"output311.txt",7
"output312.txt",2
"output313.txt",5
"output314.txt",8
"output315.txt",1
"output316.txt",1
"output317.txt",8
"output318.txt",1
"output319.txt",3
"output32.txt",8
"output320.txt",1
"output321.txt",5
"output322.txt",1
"output323.txt",6
"output324.txt",8
"output325.txt",9
"output326.txt",1
"output327.txt",1
"output328.txt",1
"output329.txt",7
"output33.txt",3
"output330.txt",1
"output331.txt",6
"output332.txt",1
"output333.txt",9
"output334.txt",8
"output335.txt",8
"output336.txt",2
"output337.txt",1
"output338.txt",8
"output339.txt",1
"output34.txt",7
"output340.txt",4
"output341.txt",1
"output342.txt",1
"output343.txt",8
"output344.txt",6
"output345.txt",1
"output346.txt",5
"output347.txt",4
"output348.txt",1
"output349.txt",1
"output35.txt",3
"output350.txt",1
"output351.txt",8
"output352.txt",1
"output353.txt",8
"output354.txt",3
"output355.txt",2
"output356.txt",9
"output357.txt",8
"output358.txt",4
"output359.txt",1
"output36.txt",2
"output360.txt",1
"output361.txt",3
"output362.txt",7
"output363.txt",7
"output364.txt",1
"output365.txt",8
"output366.txt",1
"output367.txt",5
"output368.txt",2
"output369.txt",1
"output37.txt",3
"output370.txt",6
"output371.txt",1
"output372.txt",1
"output373.txt",1
"output374.txt",3
"output375.txt",8
"output376.txt",1
"output377.txt",1
"output378.txt",8
"output379.txt",1
"output38.txt",2
"output380.txt",5
"output381.txt",1
"output382.txt",8
"output383.txt",1
"output384.txt",1
"output385.txt",7
"output386.txt",1
"output387.txt",1
"output388.txt",1
"output389.txt",5
"output39.txt",4
"output390.txt",1
"output391.txt",3
"output392.txt",1
"output393.txt",2
"output394.txt",6
"output395.txt",1
"output396.txt",1
"output397.txt",3
"output398.txt",1
"output399.txt",1
"output4.txt",7
"output40.txt",9
"output400.txt",1
"output401.txt",2
"output402.txt",9
"output403.txt",8
"output404.txt",4
"output405.txt",1
"output406.txt",3
"output407.txt",1
"output408.txt",1
"output409.txt",4
"output41.txt",5
"output410.txt",1
"output411.txt",9
"output412.txt",6
"output413.txt",4
"output414.txt",1
"output415.txt",1
"output416.txt",7
"output417.txt",2
"output418.txt",2
"output419.txt",1
"output42.txt",8
"output420.txt",1
"output421.txt",3
"output422.txt",9
"output423.txt",7
"output424.txt",8
"output425.txt",1
"output426.txt",1
"output427.txt",8
"output428.txt",9
"output429.txt",2
"output43.txt",3
"output430.txt",2
"output431.txt",7
"output432.txt",8
"output433.txt",1
"output434.txt",1
"output435.txt",3
"output436.txt",1
"output437.txt",1
"output438.txt",8
"output439.txt",1
"output44.txt",2
"output440.txt",9
"output441.txt",7
"output442.txt",2
"output443.txt",8
"output444.txt",1
"output445.txt",1
"output446.txt",8
"output447.txt",7
"output448.txt",1
"output449.txt",1
"output45.txt",1
"output450.txt",3
"output451.txt",4
"output452.txt",1
"output453.txt",1
"output454.txt",5
"output455.txt",4
"output456.txt",1
"output457.txt",8
"output458.txt",5
"output459.txt",6
"output46.txt",2
"output460.txt",1
"output461.txt",1
"output462.txt",8
"output463.txt",2
"output464.txt",1
"output465.txt",1
"output466.txt",2
"output467.txt",2
"output468.txt",7
"output469.txt",4
"output47.txt",3
"output470.txt",3
"output471.txt",1
"output472.txt",1
"output473.txt",1
"output474.txt",7
"output475.txt",7
"output476.txt",9
"output477.txt",8
"output478.txt",8
"output479.txt",4
"output48.txt",9
"output480.txt",7
"output481.txt",3
"output482.txt",1
"output483.txt",6
"output484.txt",7
"output485.txt",9
"output486.txt",9
"output487.txt",1
"output488.txt",8
"output489.txt",6
"output49.txt",7
"output490.txt",8
"output491.txt",7
"output492.txt",6
"output493.txt",3
"output494.txt",4
"output495.txt",7
"output496.txt",4
"output497.txt",7
"output498.txt",1
"output499.txt",7
"output5.txt",5
"output50.txt",7
"output500.txt",1
"output501.txt",1
"output502.txt",6
"output503.txt",9
"output504.txt",3
"output505.txt",4
"output506.txt",2
"output507.txt",9
"output508.txt",8
"output509.txt",8
"output51.txt",6
"output510.txt",1
"output511.txt",1
"output512.txt",1
"output513.txt",5
"output514.txt",7
"output515.txt",1
"output516.txt",7
"output517.txt",2
"output518.txt",4
"output519.txt",4
"output52.txt",8
"output520.txt",2
"output521.txt",4
"output522.txt",1
"output523.txt",1
"output524.txt",8
"output525.txt",6
"output526.txt",1
"output527.txt",8
"output528.txt",8
"output529.txt",3
"output53.txt",4
"output530.txt",7
"output531.txt",4
"output532.txt",2
"output533.txt",1
"output534.txt",1
"output535.txt",6
"output536.txt",1
"output537.txt",1
"output538.txt",8
"output539.txt",7
"output54.txt",3
"output540.txt",8
"output541.txt",5
"output542.txt",1
"output543.txt",1
"output544.txt",1
"output545.txt",1
"output546.txt",6
"output547.txt",1
"output548.txt",1
"output549.txt",1
"output55.txt",8
"output550.txt",1
"output551.txt",6
"output552.txt",1
"output553.txt",2
"output554.txt",2
"output555.txt",7
"output556.txt",7
"output557.txt",1
"output558.txt",6
"output559.txt",5
"output56.txt",8
"output560.txt",3
"output561.txt",7
"output562.txt",1
"output563.txt",7
"output564.txt",9
"output565.txt",5
"output566.txt",3
"output567.txt",1
"output568.txt",2
"output569.txt",2
"output57.txt",7
"output570.txt",5
"output571.txt",1
"output572.txt",1
"output573.txt",5
"output574.txt",5
"output575.txt",8
"output576.txt",8
"output577.txt",4
"output578.txt",9
"output579.txt",1
"output58.txt",7
"output580.txt",2
"output581.txt",1
"output582.txt",8
"output583.txt",4
"output584.txt",8
"output585.txt",4
"output586.txt",3
"output587.txt",5
"output588.txt",7
"output589.txt",1
"output59.txt",4
"output590.txt",7
"output591.txt",5
"output592.txt",9
"output593.txt",9
"output594.txt",1
"output595.txt",6
"output596.txt",5
"output597.txt",7
"output598.txt",2
"output599.txt",7
"output6.txt",1
"output60.txt",6
"output600.txt",1
"output601.txt",5
"output602.txt",4
"output603.txt",2
"output604.txt",4
"output605.txt",3
"output606.txt",7
"output607.txt",7
"output608.txt",1
"output609.txt",9
"output61.txt",5
"output610.txt",3
"output611.txt",7
"output612.txt",5
"output613.txt",6
"output614.txt",7
"output615.txt",9
"output616.txt",1
"output617.txt",9
"output618.txt",1
"output619.txt",1
"output62.txt",3
"output620.txt",2
"output621.txt",6
"output622.txt",8
"output623.txt",1
"output624.txt",4
"output625.txt",3
"output626.txt",7
"output627.txt",1
"output628.txt",3
"output629.txt",4
"output63.txt",5
"output630.txt",1
"output631.txt",5
"output632.txt",7
"output633.txt",2
"output634.txt",2
"output635.txt",2
"output636.txt",8
"output637.txt",1
"output638.txt",5
"output639.txt",3
"output64.txt",6
"output640.txt",7
"output641.txt",2
"output642.txt",9
"output643.txt",7
"output644.txt",6
"output645.txt",5
"output646.txt",5
"output647.txt",2
"output648.txt",3
"output649.txt",1
"output65.txt",4
"output650.txt",5
"output651.txt",7
"output652.txt",5
"output653.txt",7
"output654.txt",3
"output655.txt",7
"output656.txt",1
"output657.txt",8
"output658.txt",2
"output659.txt",5
"output66.txt",1
"output660.txt",3
"output661.txt",5
"output662.txt",2
"output663.txt",5
"output664.txt",9
"output665.txt",2
"output666.txt",4
"output667.txt",4
"output668.txt",6
"output669.txt",2
"output67.txt",8
"output670.txt",7
"output671.txt",6
"output672.txt",2
"output673.txt",7
"output674.txt",7
"output675.txt",7
"output676.txt",7
"output677.txt",8
"output678.txt",1
"output679.txt",1
"output68.txt",1
"output680.txt",2
"output681.txt",6
"output682.txt",7
"output683.txt",2
"output684.txt",7
"output685.txt",7
"output686.txt",3
"output687.txt",5
"output688.txt",9
"output689.txt",9
"output69.txt",5
"output690.txt",3
"output691.txt",4
"output692.txt",5
"output693.txt",5
"output694.txt",5
"output695.txt",2
"output696.txt",7
"output697.txt",2
"output698.txt",5
"output699.txt",2
"output7.txt",5
"output70.txt",5
"output700.txt",9
"output701.txt",5
"output702.txt",8
"output703.txt",9
"output704.txt",1
"output705.txt",5
"output706.txt",8
"output707.txt",7
"output708.txt",5
"output709.txt",5
"output71.txt",9
"output710.txt",9
"output711.txt",7
"output712.txt",5
"output713.txt",3
"output714.txt",5
"output715.txt",7
"output716.txt",9
"output717.txt",8
"output718.txt",3
"output719.txt",2
"output72.txt",7
"output720.txt",9
"output721.txt",6
"output722.txt",7
"output723.txt",7
"output724.txt",7
"output725.txt",2
"output726.txt",6
"output727.txt",5
"output728.txt",1
"output729.txt",6
"output73.txt",3
"output730.txt",2
"output731.txt",1
"output732.txt",6
"output733.txt",3
"output734.txt",7
"output735.txt",5
"output736.txt",1
"output737.txt",7
"output738.txt",1
"output739.txt",9
"output74.txt",4
"output740.txt",4
"output741.txt",1
"output742.txt",6
"output743.txt",8
"output744.txt",3
"output745.txt",4
"output746.txt",5
"output747.txt",4
"output748.txt",1
"output749.txt",2
"output75.txt",4
"output750.txt",5
"output751.txt",3
"output752.txt",2
"output753.txt",3
"output754.txt",3
"output755.txt",6
"output756.txt",5
"output757.txt",7
"output758.txt",9
"output759.txt",2
"output76.txt",7
"output760.txt",5
"output761.txt",2
"output762.txt",5
"output763.txt",5
"output764.txt",7
"output765.txt",9
"output766.txt",3
"output767.txt",5
"output768.txt",6
"output769.txt",3
"output77.txt",2
"output770.txt",9
"output771.txt",2
"output772.txt",2
"output773.txt",3
"output774.txt",9
"output775.txt",4
"output776.txt",7
"output777.txt",7
"output778.txt",2
"output779.txt",2
"output78.txt",7
"output780.txt",7
"output781.txt",6
"output782.txt",6
"output783.txt",4
"output784.txt",9
"output785.txt",4
"output786.txt",4
"output787.txt",2
"output788.txt",7
"output789.txt",6
"output79.txt",4
"output790.txt",5
"output791.txt",6
"output792.txt",1
"output793.txt",2
"output794.txt",7
"output795.txt",9
"output796.txt",5
"output797.txt",3
"output798.txt",7
"output799.txt",5
"output8.txt",3
"output80.txt",7
"output800.txt",2
"output801.txt",5
"output802.txt",4
"output803.txt",2
"output804.txt",7
"output805.txt",1
"output806.txt",5
"output807.txt",7
"output808.txt",3
"output809.txt",5
"output81.txt",8
"output810.txt",4
"output811.txt",2
"output812.txt",8
"output813.txt",7
"output814.txt",2
"output815.txt",9
"output816.txt",2
"output817.txt",7
"output818.txt",1
"output819.txt",2
"output82.txt",5
"output820.txt",2
"output821.txt",4
"output822.txt",3
"output823.txt",7
"output824.txt",9
"output825.txt",9
"output826.txt",9
"output827.txt",2
"output828.txt",4
"output829.txt",7
"output83.txt",6
"output830.txt",2
"output831.txt",2
"output832.txt",2
"output833.txt",5
"output834.txt",6
"output835.txt",6
"output836.txt",5
"output837.txt",7
"output838.txt",2
"output839.txt",6
"output84.txt",1
"output840.txt",7
"output841.txt",5
"output842.txt",9
"output843.txt",7
"output844.txt",7
"output845.txt",2
"output846.txt",5
"output847.txt",2
"output848.txt",3
"output849.txt",9
"output85.txt",7
"output850.txt",1
"output851.txt",1
"output852.txt",2
"output853.txt",2
"output854.txt",2
"output855.txt",5
"output856.txt",7
"output857.txt",2
"output858.txt",2
"output859.txt",7
"output86.txt",6
"output860.txt",4
"output861.txt",5
"output862.txt",6
"output863.txt",2
"output864.txt",2
"output865.txt",1
"output866.txt",1
"output867.txt",4
"output868.txt",5
"output869.txt",1
"output87.txt",5
"output870.txt",2
"output871.txt",1
"output872.txt",2
"output873.txt",5
"output874.txt",6
"output875.txt",7
"output876.txt",2
"output877.txt",7
"output878.txt",9
"output879.txt",2
"output88.txt",7
"output880.txt",2
"output881.txt",5
"output882.txt",7
"output883.txt",2
"output884.txt",1
"output885.txt",7
"output886.txt",7
"output887.txt",6
"output888.txt",4
"output889.txt",9
"output89.txt",5
"output890.txt",2
"output891.txt",6
"output892.txt",2
"output893.txt",5
"output894.txt",2
"output895.txt",7
"output896.txt",9
"output897.txt",7
"output898.txt",9
"output899.txt",2
"output9.txt",9
"output90.txt",7
"output900.txt",8
"output901.txt",9
"output902.txt",6
"output903.txt",4
"output904.txt",6
"output905.txt",4
"output906.txt",1
"output907.txt",5
"output908.txt",7
"output909.txt",7
"output91.txt",5
"output910.txt",7
"output911.txt",9
"output912.txt",1
"output913.txt",1
"output914.txt",6
"output915.txt",4
"output916.txt",8
"output917.txt",7
"output918.txt",6
"output919.txt",7
"output92.txt",4
"output920.txt",2
"output921.txt",2
"output922.txt",2
"output923.txt",6
"output924.txt",3
"output925.txt",7
"output926.txt",6
"output927.txt",5
"output928.txt",1
"output929.txt",7
"output93.txt",6
"output930.txt",3
"output931.txt",6
"output932.txt",2
"output933.txt",1
"output934.txt",4
"output935.txt",1
"output936.txt",4
"output937.txt",4
"output938.txt",6
"output939.txt",4
"output94.txt",6
"output940.txt",2
"output941.txt",7
"output942.txt",7
"output943.txt",7
"output944.txt",9
"output945.txt",4
"output946.txt",5
"output947.txt",2
"output948.txt",3
"output949.txt",5
"output95.txt",9
"output950.txt",6
"output951.txt",5
"output952.txt",2
"output953.txt",9
"output954.txt",8
"output955.txt",6
"output956.txt",7
"output957.txt",1
"output958.txt",4
"output959.txt",7
"output96.txt",6
"output960.txt",5
"output961.txt",3
"output962.txt",2
"output963.txt",7
"output964.txt",7
"output965.txt",2
"output966.txt",7
"output967.txt",2
"output968.txt",8
"output969.txt",7
"output97.txt",5
"output970.txt",5
"output971.txt",3
"output972.txt",7
"output973.txt",1
"output974.txt",6
"output975.txt",2
"output976.txt",9
"output977.txt",5
"output978.txt",7
"output979.txt",1
"output98.txt",8
"output980.txt",5
"output981.txt",5
"output982.txt",7
"output983.txt",6
"output984.txt",2
"output985.txt",6
"output986.txt",2
"output987.txt",2
"output988.txt",9
"output989.txt",7
"output99.txt",6
"output990.txt",2
"output991.txt",6
"output992.txt",6
"output993.txt",5
"output994.txt",3
"output995.txt",5
"output996.txt",7
"output997.txt",6
"output998.txt",2
"output999.txt",5
